T,H,CO2,V,WS,SR,CZ
14.4,89.5,399.7,0.594,1.1,286.04,1
16.8,74.3,395,0.585,1.53,397.03,1
15.3,88.3,398.3,0.572,1.23,351.44,1
17.3,81.6,407.1,0.43,1.78,397.16,1
18.9,84.6,412.8,0.503,2.49,431.06,1
24.2,79.7,405.7,0.4,2.03,520.08,1
18.4,89.6,401,0.506,2.34,379.26,1
12.1,94.7,415,0.628,0.82,237.31,1
25.7,81,396.9,0.458,2.15,550.82,0
15.8,91.4,410.3,0.599,1.99,331.91,1
19.7,81.8,397.1,0.52,2.43,434.76,1
22.2,77.9,404.3,0.413,2.65,486.21,1
21,83.4,398.9,0.364,1.44,450.56,1
25.5,78.2,399.4,0.453,2.31,537.51,0
22.4,76.1,396.2,0.465,2.65,514.61,1
15.7,86.3,413.4,0.494,1.59,342.74,1
30.9,68.9,392.7,0.306,2.55,676.5,1
21,74.8,392.6,0.454,2.33,454.97,1
19.3,87.2,421.2,0.498,1.57,384.25,1
24.8,75.5,409.8,0.485,3.38,571.64,1
21.2,89,376.1,0.497,2.9,458.05,1
22,69.9,394.3,0.56,2.5,467.69,1
32.5,64.8,381.9,0.324,3.93,734.97,1
18.6,81.5,390.5,0.558,1.89,427.86,1
18.4,87.3,368.6,0.518,2.22,396.16,1
20.6,81.4,398.6,0.529,2.8,480.79,1
25.4,76.2,388.6,0.425,2.66,559.1,0
12.5,81.9,400.6,0.629,1.12,257.22,1
10.2,84,383.7,0.613,0.16,242.66,1
17.1,84.5,400.8,0.495,1.66,377.09,1
11.8,81.3,395.9,0.581,1.59,261.84,1
17.9,79.5,415,0.509,2.26,410.06,1
22.5,80,414.1,0.499,2.5,456.91,1
15.5,79.5,407.9,0.486,1.28,371.65,1
12.9,95.2,396.7,0.57,0.3,249.43,1
20.3,85.8,419.9,0.516,1.79,415.69,1
24.3,67.8,384.5,0.459,2.28,548.32,1
11.5,83.8,386,0.652,1,271.54,1
24.1,64.5,399.2,0.498,2.72,556.36,1
24.1,72,422.5,0.459,3.4,522.88,1
24.8,79.1,398,0.463,2.54,527.16,1
26.1,71.8,398.2,0.454,2.5,555.51,0
31,71.3,385.6,0.41,2.97,673.12,0
18.2,74.2,409.5,0.427,1.88,437.55,1
20.5,83.4,409.5,0.479,1.64,443.99,1
17.9,79.3,407.9,0.447,1.85,416.93,1
20,80.1,393.7,0.564,2.23,469.2,1
27.7,71.9,392.9,0.42,2.87,597.78,0
13.3,80.4,387.1,0.558,1.56,301.03,1
15.7,78.5,400.8,0.588,1.79,400.24,1
26.9,78,389.2,0.452,1.8,610.7,0
25.1,76.9,388.2,0.393,2.83,514.77,0
18.2,87.1,395.8,0.515,1.48,397.3,1
24.3,77.4,395.1,0.441,1.88,530.75,1
21.7,79,394.6,0.396,1.62,492.63,1
27.5,63.9,404.7,0.39,2.97,607.39,1
20.4,78.3,400.8,0.487,1.93,434.11,1
25.1,74.7,397.1,0.443,1.67,539.57,0
33.2,76.6,401.8,0.294,3.56,699.65,0
23,80.4,390.1,0.528,1.58,515.23,1
20.2,87.4,401.1,0.492,2.09,406.44,1
23.6,79.4,401.5,0.466,2.48,501.04,1
18.2,78.3,385,0.538,2.26,371.15,1
31.9,68.6,410,0.341,4.08,721.65,1
20.9,80.3,391.2,0.514,1.41,482.87,1
18.6,76.7,400.9,0.495,1.84,412.83,1
15.8,82.3,411.6,0.497,1.44,345.96,1
25.5,73.5,409.3,0.474,2.77,571.82,0
24.3,83.7,400.3,0.531,2.54,548.82,1
17.5,72.1,396.4,0.561,1.58,414.27,1
22.9,83.1,409.5,0.517,2.07,477.4,1
12.5,82.9,406.7,0.549,0.69,251.05,1
20.9,72.2,393.8,0.411,2.59,451.77,1
22.3,83.6,392.1,0.552,2.46,479.47,1
28.5,75.1,379.3,0.517,3.31,607.38,0
16.1,90.1,401.5,0.616,1.46,346.56,1
13.6,90.4,399.2,0.547,1.03,280.32,1
15.5,94.8,411.4,0.487,1.01,299.74,1
13.3,89.5,403.6,0.514,1.51,263.85,1
26.7,72.5,413.3,0.349,2.15,619.84,0
27.7,74,393,0.417,3.7,624.7,0
21.6,84.6,411.4,0.564,1.51,497.4,1
26.1,70,394.7,0.432,2.75,592.94,1
20.7,76.1,407.8,0.508,2.85,452.65,1
19.5,78.9,385.4,0.574,2.25,459.09,1
18.3,71.1,402.4,0.496,1.92,423.75,1
18.4,82.2,380.2,0.617,1.36,408.89,1
12.3,78.3,397.3,0.677,0.54,287.75,1
21.3,78.9,404.4,0.48,2.52,409.6,1
19.8,84.5,394.8,0.473,2.73,459.01,1
23.7,73.9,389.5,0.498,2.15,536.58,1
20.5,87.9,408.5,0.478,1.48,440.11,1
19.2,73.5,399,0.45,0.69,435.47,1
15.6,90.3,395.1,0.608,1.07,335.52,1
20.4,83,400.4,0.557,1.98,429.24,1
23.7,67.7,426.4,0.471,3.17,550.7,1
14.3,99.3,411.5,0.494,1.76,260.98,1
20.4,79.2,411.6,0.434,2.2,453.98,1
21.2,74.4,404.4,0.494,1.92,485.64,1
16.4,76.6,401.7,0.511,1.35,371.11,1
17.1,81.8,376,0.512,2.41,384.95,1
21.2,78.2,393.2,0.54,2.22,446.81,1
14.3,86.2,395.2,0.593,0.38,294.98,1
21.7,76.8,381.3,0.551,1.84,486.2,1
15.5,87.6,388.4,0.495,1.12,348.75,1
25.3,72.7,380.2,0.43,2.26,523.29,0
31.7,58.6,399.6,0.421,3.45,726.95,1
15.7,83.6,408.2,0.565,1.52,335.95,1
22.7,65.5,411.1,0.55,2.23,518.58,1
16.4,85.4,404.1,0.557,2.29,329.73,1
25.2,69.9,390.4,0.54,2.17,547.27,1
13.7,87.1,380.7,0.59,2.3,318.51,1
22.4,84.2,382.4,0.529,1.9,480.38,1
15.6,79.6,387.3,0.527,1.61,345.8,1
19,86.3,391.1,0.511,1.76,404.29,1
14.8,83,398.4,0.597,1.55,340.71,1
24.1,84.7,389.9,0.54,2.63,521.74,1
15.8,82.4,403.4,0.578,1.8,350.08,1
22.8,73,397.7,0.468,1.9,530.98,1
18.3,85.2,400.1,0.586,1.27,414.69,1
19.4,78.4,411.4,0.396,3.19,440.03,1
20.7,75.1,388.2,0.422,1.83,465.76,1
16.2,81.4,404.2,0.572,1.97,374.12,1
21.1,78.7,399.9,0.49,1.3,469.87,1
27.7,79.1,396.7,0.454,2.63,616.13,0
16.1,74.2,408.9,0.542,1.55,391.74,1
25.9,74.3,408.8,0.47,2.82,548.3,0
27.5,75.6,390.5,0.384,1.39,576.82,0
15.9,85,398.2,0.569,1.67,334.26,1
12.7,93.8,402.8,0.622,0.7,286.37,1
21.5,78.1,397.3,0.546,2.31,442.43,1
17.3,81.8,405.9,0.628,1.21,389.53,1
29.3,73.6,402.8,0.419,2.51,646.87,0
20.2,80.3,418.3,0.512,1.88,466.09,1
16,82.1,384.7,0.464,1.07,359.27,1
14.3,88.3,398.8,0.531,1.19,281.79,1
25.4,71.3,390.9,0.436,1.95,547.23,0
17.1,79.8,406,0.581,0.8,359.64,1
20.2,77.1,383.8,0.467,2.53,439.34,1
24.8,82,403.5,0.492,1.83,527.95,1
17.6,66.3,393.7,0.524,1.67,395.63,1
19.8,82.2,392.7,0.493,2.35,460.41,1
19.9,80.3,385.5,0.513,1.68,411.33,1
23.4,68.2,395.3,0.446,1.93,558.9,1
23,78.6,410.8,0.449,2.41,525.59,1
18.9,83.5,399.7,0.426,2.45,429,1
20.3,82.6,406.3,0.484,1.45,427.23,1
18.1,68.6,416.6,0.495,1.74,432.47,1
12.6,94.2,402.6,0.548,0.39,238.25,1
21.3,75,394.4,0.508,1.93,493.93,1
29.5,74,404.7,0.438,2.96,639.8,0
15.6,88.1,394.6,0.556,1.13,327.19,1
16.1,79.5,395,0.588,1.38,339.26,1
15.6,87.7,384.8,0.572,0.86,288.07,1
23.6,74.4,409.3,0.449,2.4,502.79,1
22.2,67.4,396.1,0.454,2.75,532.3,1
19.2,86.6,401.8,0.524,1.37,402.83,1
15.4,80.7,389.6,0.575,1.23,343.38,1
20.5,75.3,404.4,0.565,2.3,471.82,1
12.2,85.8,392.4,0.638,1.82,308.04,1
20.7,80.6,398.6,0.466,1.33,479.55,1
24.4,75.4,408.8,0.451,2.35,516.99,1
13.7,89,407.9,0.596,1.52,258.04,1
12.3,81,399.8,0.63,1.18,332.01,1
27.9,68.4,382.3,0.468,1.55,666.54,1
16.9,82.5,429.9,0.527,1.94,377.64,1
25.7,83.8,417.5,0.381,3.33,520.57,0
19.2,80.2,407.2,0.458,1.98,443.46,1
19.2,86.2,392.5,0.522,1.4,409.17,1
22.2,78,398.9,0.495,1.96,485.58,1
15.6,82,394.6,0.489,2.44,365.49,1
20.7,78.1,412.6,0.496,2.52,463.73,1
18.1,81.1,402.6,0.551,2.13,376,1
13.4,89.6,392.2,0.508,1.52,282.21,1
21.7,85.2,395.3,0.538,1.84,476.6,1
18.7,83.1,411.2,0.494,1.77,417.64,1
19.2,86.7,416,0.571,1.88,416.1,1
13.9,81.2,415.3,0.534,1.67,335.2,1
28,70,407.6,0.369,3.55,611.97,1
24.4,72,397.5,0.433,3,547.25,1
24.8,76.8,367.6,0.447,1.77,475.4,1
18.5,79.7,403,0.496,1.96,401,1
11.4,92.3,400,0.576,1.5,257.77,1
29.8,65.6,401.4,0.419,3.29,656.32,1
19.7,80.5,400.5,0.494,1.65,423.52,1
16.3,87.2,386.7,0.534,3.08,329.93,1
22.1,67.6,405.6,0.394,1.57,526.57,1
25.8,84.8,406.3,0.461,2.04,558.14,0
19.9,78.7,406.8,0.497,2.11,456.8,1
26.4,63.5,409.5,0.517,3.7,566.37,1
25.4,75.4,406,0.399,2.12,554.34,0
14.6,85.5,395.9,0.463,1.33,315.66,1
16.6,83,399.3,0.565,2.2,361.09,1
24.8,80.2,400.9,0.469,2.47,523.1,1
6.4,97.3,401.1,0.585,0.48,127.22,3
19.3,82.2,410,0.431,2.21,437.57,1
12.8,89.4,406.4,0.648,1.42,239.85,1
17.6,81.9,420.8,0.595,2.28,424.17,1
18.5,90.4,422.1,0.391,2.5,399.05,1
18.2,74.4,400.8,0.495,1.97,414.54,1
17.2,83.5,361.6,0.611,1.87,395.99,1
14.5,85.8,412.4,0.531,1.56,289.63,1
31.5,72.6,394.6,0.361,3.39,670.68,0
29.3,66.4,392,0.392,2.96,651.44,1
14.2,77.1,396,0.502,1.42,356.92,1
27.9,72.9,395.5,0.336,3.39,611.53,0
18,83.4,406.1,0.573,2.56,402.25,1
20.6,86.8,384.4,0.401,1.31,427.52,1
19.7,74,389.2,0.516,1.97,455.48,1
16.7,89.1,403.4,0.577,1.33,389.43,1
24.9,86.9,406.2,0.378,2.34,544.46,1
20.6,77.5,406.4,0.447,2.26,456,1
17.6,75.9,392.1,0.584,2.1,414,1
13.5,84.5,390.2,0.592,1.29,312.12,1
15.5,84.5,394.9,0.514,0.6,351.7,1
11.8,91,402.4,0.642,0.7,276.05,1
20.1,77,414.9,0.56,2.45,469.35,1
14,93.8,379.5,0.573,0.03,290.27,1
18.7,75.8,397.8,0.468,2.46,434.77,1
26.9,64.5,386.7,0.411,2.95,600.44,1
26,79.5,383.5,0.454,3.26,542.39,0
19.8,68.8,409.7,0.492,1.88,453.81,1
19.6,79.4,405.4,0.551,0.93,430.94,1
29.4,86.2,404.5,0.33,3.16,582.38,0
22.6,77.3,409.2,0.399,2.9,514.61,1
18.4,76,395.2,0.525,2.3,359.8,1
12.9,86.8,395.7,0.547,0.96,338.01,1
22,77.8,421.9,0.449,2.24,513.87,1
24.1,76.7,397.5,0.37,2.15,524.4,1
16.8,86.5,407.4,0.533,1.27,364.08,1
21.5,73.3,400.1,0.483,2.62,488.48,1
18.2,90.3,381.5,0.551,1.22,371.35,1
19.1,82.1,379.6,0.513,1.46,421.16,1
7.6,96.1,394.2,0.618,0.2,156.19,3
18.9,78,410.6,0.57,1.14,420,1
24.8,81.6,407.9,0.386,2.56,537.4,1
16.8,81.9,409.1,0.558,2.27,346.85,1
20.3,81.1,390.1,0.414,1.93,443.79,1
16.2,79.1,416.2,0.496,0.87,369.45,1
21.8,73.2,390.4,0.421,2.6,492.19,1
18.9,84.5,402.1,0.55,2.73,404.98,1
15.3,82.5,399.9,0.544,1.21,363.88,1
26.7,69.1,398.3,0.433,2.43,588.05,1
24.6,72.1,413.4,0.398,2.72,553.16,1
17,86.5,392.9,0.515,2.51,392.42,1
22.5,74.4,386.5,0.437,1.99,499.46,1
22.7,76.7,400.2,0.492,1.6,504.58,1
23.2,76.9,396,0.418,2.64,508.58,1
11.5,78.9,433.8,0.651,1.55,297.55,1
25,67.6,406.8,0.366,2.51,560.28,1
17.2,84.5,395.9,0.488,1.44,399.64,1
18.2,78.1,389.4,0.602,2.32,405.94,1
33.2,72.1,381.2,0.346,3.58,702.41,0
21.5,83.3,389.7,0.419,1.77,477.13,1
18.1,85.5,401.1,0.53,1.83,384.22,1
9,100.1,414.3,0.586,0.22,191.63,3
26.9,72.6,411.2,0.389,3.04,539.12,0
13.3,90,402.3,0.512,1.2,285.64,1
15,82.1,396.8,0.689,1.28,326.27,1
18.3,93.9,402.7,0.504,1.82,357.76,1
27.1,82.8,394.8,0.333,2.73,564.9,0
23.9,76.2,417.2,0.536,2.83,513.46,1
19.2,82.7,398.1,0.538,2.22,417.81,1
21.5,85.3,399.1,0.446,2.08,432.97,1
17,82.3,377.8,0.483,2.08,381.75,1
20.7,76,398,0.527,2.27,489.25,1
20.4,84,408.4,0.484,1.82,444.95,1
24.8,75.5,389.3,0.355,2.42,561.96,1
24.8,76.1,392.5,0.541,2.41,566.45,1
22.5,73.4,407.9,0.454,2.5,527.41,1
18.2,73.2,385.2,0.593,1.64,454.72,1
23.7,77.5,410.6,0.527,2.18,509.25,1
19.5,85,394.7,0.455,2.94,406.46,1
14.6,84.3,396.1,0.606,1.93,338.92,1
18,89.2,388.8,0.488,1.42,395.44,1
20.4,76.1,403.8,0.402,2.33,471.85,1
24.6,70.2,424.6,0.433,2.51,588.46,1
19.1,80.6,407.8,0.529,2.1,420.71,1
14,85.6,391.4,0.537,1.46,316.34,1
20.3,83.6,411.4,0.482,2.62,418.93,1
20.6,75.6,396.8,0.552,2.23,502.94,1
20.9,85.9,413.7,0.496,2.06,440.03,1
24.6,85.2,408.1,0.412,2.98,515.35,1
25.1,74.7,370.6,0.484,2.63,545.54,0
17,89.2,390,0.54,1.76,349.24,1
16.9,77.8,409.4,0.405,1.85,368.2,1
14.8,90.6,401.5,0.573,1.43,304.35,1
23.5,81.7,389.8,0.485,2.35,479.08,1
27.2,77.1,393.7,0.429,2.43,575.03,0
18.4,81.5,380.9,0.56,1.47,444.48,1
18.8,66.4,399.1,0.478,1.38,457.7,1
27.3,69.5,422.1,0.443,2.04,626.28,1
22.5,74.3,408,0.396,1.81,525.41,1
22.2,72.9,421.9,0.499,2.13,534.45,1
14,86.6,408.8,0.657,1.46,272.35,1
23.4,74.5,410.3,0.416,2.2,494.25,1
15.4,80.5,419.7,0.508,0.36,329.97,1
14.3,80.4,403.8,0.521,2.22,316.45,1
18.3,78.2,398.1,0.524,2.37,403,1
17.1,88.5,410.3,0.476,1.93,355.41,1
18.9,77.8,414.5,0.532,2.84,426.62,1
12.8,84.6,395.2,0.614,0.79,287.35,1
24.8,72.9,392.8,0.479,3.42,535.58,1
25.6,76.1,401.4,0.355,2.08,517.14,0
10.3,92,408.3,0.647,1.15,201.37,1
24.9,59.9,408,0.498,1.85,567.09,1
15.9,89.2,385.8,0.582,1.6,335.68,1
24.3,82.9,419.1,0.476,2.62,497.31,1
19.7,75.1,393.6,0.514,1.89,433.16,1
20.1,75,397.3,0.55,2.37,430.27,1
19.1,78.7,391,0.605,1.96,421.63,1
26.1,70.2,427,0.392,2.34,559.43,0
13.8,87.3,402.4,0.616,1.1,284.43,1
23,67.2,391.5,0.465,2.71,500.15,1
25.5,68.9,408.6,0.438,2.22,569.26,1
23.6,84.1,407.7,0.387,2.82,486.08,1
31.6,63.7,398.1,0.37,3.77,723.13,1
17.4,88.9,408.4,0.477,0.9,377.5,1
24.8,77,391.7,0.429,3.05,540.35,1
19.5,71.5,395.1,0.45,2.98,430.47,1
26.2,77,379.9,0.416,2.74,576.93,0
20,79.5,386.8,0.48,2.3,454.14,1
18.1,79.7,418.1,0.524,2.32,404.74,1
26.5,74.7,416.4,0.354,2.52,613.29,0
17.5,84.8,400.7,0.452,1.85,390.37,1
12.9,90.6,416.6,0.589,0.64,295.8,1
17.4,88.5,398.4,0.486,1.81,374.04,1
23.1,78.9,397.6,0.523,2.56,517.53,1
27,66.2,400.6,0.442,2.95,590.94,1
20.6,77.1,398.8,0.525,2.59,447.79,1
26.6,88.1,397.8,0.505,2.27,562.56,0
13.2,90.4,411.4,0.552,1.05,290.2,1
17.8,94.1,401.5,0.493,2.73,377.7,1
18.6,88.4,407.1,0.558,1.78,416.31,1
19.4,81.8,410.3,0.531,2.04,396.48,1
20.4,81.1,403.9,0.486,2.01,426.75,1
23.5,76.4,390.3,0.535,1.93,520.96,1
17.8,73.5,386.5,0.512,2.59,393.96,1
20.7,79.4,401.5,0.495,1.81,522.67,1
19.8,86.3,398.3,0.503,1.41,433.24,1
15.4,81.6,400.9,0.5,1.31,342.58,1
19.4,82.6,399.8,0.51,0.94,413.07,1
19.3,85,425.8,0.577,1.6,406.08,1
19.2,76.3,386.7,0.531,1.43,431.54,1
20.2,77.6,380.1,0.5,2.32,450.25,1
20.4,74.5,403.3,0.488,1.7,449.37,1
17.8,78.1,396.2,0.538,2.23,395.21,1
26.4,67.2,403.2,0.474,3.34,619.76,1
14.2,81.3,405.8,0.589,1.81,348.05,1
16.4,90.7,412.8,0.519,1.53,351.54,1
33.9,61.5,384.9,0.377,3.46,728.13,1
14.8,85.8,394.4,0.576,0.72,335.33,1
13.2,84.3,404.3,0.517,1.26,327.2,1
23.7,82.2,407.7,0.472,1.94,536.4,1
9.6,96.9,421.9,0.496,1.31,213.09,3
18.8,85.5,409.6,0.536,3.17,433.93,1
30.7,70.8,399.4,0.426,3.32,674.05,0
12.3,86.6,391.1,0.615,0.23,284.93,1
10.1,84,394.4,0.579,0.83,220.29,1
12.5,97.2,394.1,0.59,1.31,261.5,1
24.5,71.7,406.6,0.526,2.49,573.01,1
25.6,77.7,402.6,0.514,2.2,545.3,0
17.4,87.9,386.8,0.524,1.87,355.79,1
23.4,73.8,395.6,0.473,1.72,522.66,1
27,78.2,408.8,0.486,2.22,578.01,0
28.9,74.9,403.5,0.336,3.22,641.95,0
18.8,89.9,405.7,0.496,1.37,386.56,1
8.5,89.2,403.8,0.682,1.12,225.9,3
15.9,77.7,416.3,0.59,0.9,336.77,1
17.9,79.6,402.4,0.54,2.67,423.18,1
18.7,82.3,396.1,0.438,1.48,394.13,1
19.1,81.2,390.8,0.507,1.79,382.83,1
25.6,72.4,402.5,0.415,2.72,571.77,0
26.4,64.1,375.6,0.453,2.35,594.19,1
19.1,83.2,398.2,0.468,1.99,394.22,1
25.5,84.4,397.9,0.394,2.84,507.48,0
21.8,80.5,386.4,0.379,2.66,474.53,1
20.3,82.7,390.7,0.558,2.43,460.52,1
24.5,78.3,408.1,0.435,2.37,545.69,1
20.4,81.6,402.3,0.504,1.96,445.11,1
30.3,74.4,401,0.397,4.2,666.62,0
12.8,89.2,403.1,0.519,1.76,277.28,1
17.4,81,400.9,0.463,1.28,357.86,1
19.4,76.7,412.4,0.456,1.99,405.62,1
22.2,76.6,401.2,0.442,2.05,486.77,1
26.3,75.2,385.4,0.455,2.57,573.12,0
19.9,78.5,416.3,0.461,1.37,457.5,1
12.9,88.7,403.7,0.658,1.08,295.56,1
24.2,78,394.1,0.509,3.33,540.39,1
23.8,80.4,387.5,0.503,2.67,509.11,1
10.3,96.1,404,0.591,0.22,185.95,1
20,80.4,398.8,0.576,2.61,447.04,1
12,81.4,415.7,0.569,1.75,288.67,1
16.7,81.6,396.5,0.532,1.49,322.57,1
15.5,84.7,391.6,0.554,1.91,323.56,1
24,66.8,409,0.495,1.97,533.56,1
20.6,86.4,409.3,0.526,1.82,441.33,1
13.6,87.1,401.7,0.541,2.11,281.09,1
24.4,77.5,406.8,0.429,2.3,532.23,1
12.8,94,399.6,0.604,0.35,264.42,1
21.7,75.2,402.3,0.519,2.13,479.43,1
15.9,86.9,411.6,0.521,1.55,330.39,1
18.2,81.3,406.3,0.439,2.42,388.09,1
22.5,76.6,398.3,0.464,2.26,475.71,1
22.6,73.5,413.5,0.505,2.05,512.68,1
26.7,81.6,376.4,0.523,3.19,581.83,0
19.6,78.5,420.5,0.444,2.02,419.29,1
21.5,82,382.9,0.463,1.78,497.13,1
17.8,72.8,393.7,0.502,2.36,404.31,1
20.9,85,399.6,0.559,2.19,478.82,1
22.2,83.1,398.5,0.476,2.22,464.98,1
19.5,81,410.1,0.46,2.04,387.68,1
11,87.9,389.4,0.618,0.56,251.9,1
21.7,80.3,402.6,0.463,1.9,477.43,1
21.8,89.6,394.2,0.421,2.18,457.9,1
16.6,74.6,403,0.489,1.56,369.97,1
13.6,90.3,399.4,0.651,1.99,290.21,1
27.4,68.1,400.9,0.445,2.85,601.24,1
22.5,77.4,394.5,0.481,2.67,488.21,1
18.9,79.9,394.9,0.499,1.89,434.11,1
14.3,83.5,402.9,0.571,1.96,322.89,1
15.9,84.1,409.4,0.555,1.79,361.9,1
26.5,67.8,394,0.449,2.66,589.99,1
20.7,84.5,391.3,0.499,2.06,438.01,1
17.2,73.8,406.1,0.571,1.25,374.31,1
22.5,80.2,399.7,0.476,2.51,483.27,1
15.9,82.4,408.3,0.492,1.57,287.26,1
27.5,66.6,390.9,0.394,2.5,605,1
26.8,74.2,382.2,0.333,3.23,585.15,0
17.7,74.5,394.7,0.625,1.14,415.52,1
16.9,83.3,392.3,0.575,1.47,365.08,1
6.9,86,399.2,0.589,1.2,173.19,3
12.6,89.7,393.6,0.56,1.42,228.82,1
13.3,82.1,407.4,0.535,1.31,300.77,1
20.7,77.1,397.1,0.57,2.19,425.79,1
18.4,83.1,401.5,0.445,1.93,377.01,1
13.3,82.9,401.6,0.573,0.57,296,1
18.6,81.1,401.9,0.509,1.68,435.18,1
22.5,69.9,399.8,0.516,3.06,518.15,1
22.6,80.5,405.1,0.468,1.93,492.12,1
10.5,98.3,392,0.507,0.89,213,1
19.4,94.6,414,0.494,1.67,383.7,1
13.1,87.4,397.6,0.521,1.26,276.04,1
24.5,79.4,386.9,0.459,2.16,539.86,1
23.9,67.2,401.9,0.533,2.64,516.36,1
15.5,92,391.5,0.458,1.65,338.05,1
16.2,87.7,406.7,0.498,2,340.2,1
17.7,79.9,422.1,0.495,1.24,410.61,1
8.7,97.4,392.1,0.594,0.7,199.04,3
21.7,77,403.3,0.52,2.06,446.04,1
18.6,79.1,382.4,0.505,2.09,402.94,1
24.9,77.5,404.5,0.472,2.09,524.86,1
14.5,80.2,391.1,0.524,1.91,293.55,1
16.9,88.2,393.8,0.542,2.28,341.03,1
12.5,82.3,389,0.614,0.75,333.67,1
15,79.8,407.3,0.514,1.25,352.22,1
14.1,81.4,410.1,0.598,1.14,357.42,1
25,78.8,400.2,0.453,3.81,558.54,1
16.5,80.4,391.4,0.587,1.44,354.52,1
20.6,72.6,415.9,0.484,2.9,459.5,1
18.1,78.9,392.5,0.538,1.18,415.94,1
13.7,86.2,378.4,0.561,0.87,309.43,1
19.2,74.9,404.6,0.504,1.57,421.75,1
23,71.2,389,0.483,1.88,487.22,1
14,96.6,409.9,0.587,1.26,351.79,1
24,71.7,396.2,0.397,2.05,534.79,1
15.8,82.6,406,0.614,1.17,343.25,1
17.6,80.6,414,0.431,2.34,392.81,1
22.7,75.2,387.9,0.439,2.88,497.73,1
16.7,86.4,394.3,0.528,2.14,363.26,1
20.2,84.6,399.2,0.519,2.28,460.39,1
18.4,80,415.4,0.595,1.89,405.95,1
20.6,73.2,393.4,0.401,1.82,443.34,1
8.1,98.3,394.1,0.594,0.33,162.14,3
10.9,88.7,404.8,0.485,1.27,230.4,1
23.1,85.6,394.2,0.471,1.72,518.93,1
25.2,63.6,401.5,0.462,2.02,599.97,1
15.4,85.5,384.5,0.625,2.12,340.04,1
18.8,90.8,422.1,0.518,2.83,368.4,1
21.5,76.8,386.5,0.537,2.34,451.43,1
23.5,75.4,396.8,0.495,2.9,518.81,1
9.9,91.6,399.7,0.58,0.86,220.73,3
15.6,81.6,419.1,0.474,0.89,340.63,1
18.3,80.1,386.8,0.53,2.14,396.93,1
23.5,74.8,419.8,0.39,2.64,508.87,1
32.5,64.4,407.6,0.44,3.29,720.63,1
18.9,87.3,404.2,0.503,1.76,354.98,1
13,89.3,390.2,0.63,1.78,258.6,1
22,79.2,405.7,0.456,1.71,469.2,1
26.6,77.4,392.8,0.447,2.27,601.37,0
20.5,78.1,412.7,0.505,1.55,438.25,1
15.5,80.7,390.3,0.543,1.59,351.62,1
24.8,72.2,398.9,0.43,1.94,555.94,1
23.3,76.7,394.4,0.486,1.99,538.93,1
14.9,79.8,390.1,0.505,1.13,362.97,1
21.9,75.6,407.4,0.42,2.06,485.81,1
25,72.4,405.4,0.512,1.75,545.35,1
25.9,84.7,412.1,0.477,2.63,535.49,0
19.7,66.5,382.2,0.507,2.59,455.61,1
18.2,80.9,410.6,0.601,1.89,393.73,1
26.1,82.5,425.1,0.425,3.38,568.82,0
13.9,86.7,395.5,0.627,2.06,314.07,1
22.2,81.6,419,0.487,2.61,492.55,1
13.1,87.3,397.4,0.517,1.35,313.48,1
25.3,71.3,386.3,0.539,2.54,601.12,0
18.7,70.1,396.9,0.562,2.25,436.53,1
26.3,74.7,410.5,0.431,2.44,599.48,0
22.5,73.7,391.6,0.512,1.3,494.78,1
13.9,82.1,394,0.541,1.63,337.15,1
27.1,70.4,405.9,0.47,2.15,622.93,0
27.8,81,400,0.303,2.29,613.36,0
24.4,87.6,405.8,0.405,2.44,514.88,1
16.2,84.9,402.4,0.587,1.57,340.69,1
18.5,79.2,404.8,0.503,1.14,383.1,1
20.7,73.4,395.7,0.503,2.16,466.97,1
16.5,85.9,402.3,0.468,2.13,388.57,1
28.5,80.5,390.7,0.508,2.28,602.13,0
20.7,78,412.9,0.552,2.71,474.05,1
6.5,81.6,393.7,0.625,0.13,183.3,3
21.7,81.7,411.3,0.463,3.23,464.95,1
18.3,86.7,397.7,0.569,1.62,418.18,1
19.6,72.4,402,0.603,2.04,389.44,1
18.2,82.7,395.1,0.566,0.87,373.23,1
24,78.2,389.8,0.568,2.37,505.95,1
25.6,74,382.6,0.398,2.67,547.5,0
21.4,74.6,389.4,0.445,2.1,485.77,1
18.3,86.8,396.8,0.458,1.55,398.32,1
19.8,78.2,402.1,0.524,1.51,447.37,1
20.1,72.5,410.1,0.508,2.58,468.93,1
16,73.8,395.5,0.533,1.61,353.23,1
22.9,83.4,391.2,0.512,3.06,466.71,1
22.3,80.8,385.6,0.539,1.97,492.36,1
27.7,72.7,404.8,0.347,2.55,595.96,0
26.3,71.5,413.8,0.407,3.04,551.08,0
16.6,80.8,412.7,0.575,0.85,389.29,1
24.1,70.5,407.1,0.436,1.8,568.89,1
15.2,82.6,406.4,0.508,2.07,370.85,1
23.5,65.9,417,0.516,1.76,541.49,1
17.4,78.9,403.3,0.461,0.83,403.05,1
14.9,83.6,406.5,0.536,2.42,357.95,1
21.4,81.6,396.8,0.502,1.44,451.88,1
6.6,93.2,386.4,0.605,0.75,168.41,3
11.2,92.7,393.2,0.627,1.16,244.95,1
19.1,87.6,399.9,0.48,0.51,425.26,1
20.4,84.9,400.6,0.566,1.91,442.21,1
18.2,84.2,419.3,0.512,2.04,420.59,1
12.1,88,400.8,0.613,1.39,270.61,1
15.9,79.2,411.8,0.578,2.04,330.16,1
22,81.7,395.6,0.449,2,504.67,1
22.9,85.5,396.9,0.368,2.65,468.25,1
19.9,81.8,386.7,0.519,1.65,459.86,1
25.8,83.8,392.6,0.446,1.87,546.27,0
22,70.4,405.3,0.508,1.55,522.49,1
16.3,78,400.1,0.526,0.9,392.02,1
18.6,85.7,409.4,0.493,2.36,409.2,1
13,88.3,401.8,0.671,0.54,293.21,1
19.5,87.1,396.5,0.432,2.08,423.42,1
25.6,74.4,421.5,0.481,2.42,522.21,0
23.4,72.2,399.1,0.437,2.29,526.43,1
27,71.9,411.6,0.413,3.38,574.04,0
18.5,73.9,396,0.499,1.63,425.43,1
26.7,67.6,407.1,0.393,2.98,576.5,1
19,85.8,409.3,0.538,1.92,385.31,1
27.4,77,402.1,0.496,2.66,625.25,0
19.9,81.9,376.5,0.525,3.14,455.35,1
23.5,67.9,400.2,0.47,1.63,534.92,1
27.4,70.8,412.3,0.377,3.38,609.54,0
19,74.8,405.3,0.536,2.23,426.01,1
21.1,84.8,404.5,0.597,1.87,463.65,1
26.4,70.6,382.8,0.417,3.46,574.09,0
19.3,75.2,392.8,0.488,1.01,456.1,1
13.4,86.8,404.1,0.538,1.08,289.34,1
30.7,66.1,404.1,0.368,2.47,673.74,1
17.7,89.8,412.1,0.386,1.97,373.92,1
20.8,75.5,398.6,0.512,1.52,452.99,1
25.8,67.2,404.1,0.4,2.79,587.73,1
17,72.3,400.2,0.45,1.6,383.85,1
15,84.9,390.1,0.588,1.26,338.81,1
21.3,75.9,377.4,0.433,2.32,497.85,1
11,81.8,404.3,0.573,0.97,242.66,1
18.6,87.4,401.7,0.588,1.31,393.83,1
21.2,82.1,393.8,0.417,3.52,469.51,1
18.7,81.2,383.8,0.437,1.62,401.87,1
12.3,94.5,406.3,0.591,0.12,265.86,1
28,75.3,397.3,0.478,2.38,619.84,0
20.5,75.4,405.6,0.416,1.42,481.28,1
27.2,67.6,418.6,0.449,3.13,595.7,1
18.7,85.4,378.6,0.542,2.03,384.36,1
15.6,86.4,393,0.441,1.76,333.08,1
21.3,79.5,397.9,0.526,1.95,448.56,1
18.9,76.8,414.5,0.555,1.75,436.02,1
14.1,88.9,383.6,0.543,1.23,281.13,1
27.3,68.9,419.4,0.489,2.69,655.89,1
16.9,82.6,401.4,0.588,2.11,398.49,1
10.8,96.4,399,0.597,1.25,223.35,1
26.6,70.1,398,0.411,2.91,610.05,0
17.5,74.7,395.6,0.477,2,367.52,1
17,77.8,410.5,0.529,2.14,434.13,1
11.2,93.8,389.3,0.617,1.26,224.06,1
28.7,72.6,403.5,0.397,3.05,626.55,0
13.6,85.8,396.2,0.455,1.95,262.33,1
20.3,77.2,392.4,0.561,1.7,461.25,1
24.6,77.9,425.9,0.464,2.03,513.41,1
22.1,73.6,404.2,0.46,1.62,496.91,1
19.7,81.8,406.1,0.546,2.06,419.5,1
11.5,84.9,411.4,0.661,0.22,238.57,1
16,79.6,385.8,0.4,1.83,343.82,1
20.9,75.9,417.5,0.512,2.04,471.55,1
16.1,82.1,374.9,0.468,2.17,331.54,1
21,78.7,392.3,0.515,1.77,447.88,1
23.4,77.8,395.4,0.472,2.24,525.9,1
24.8,56.7,405.8,0.484,3.04,634.81,1
13.9,82.1,402.2,0.536,2.08,322.75,1
31,67.1,398.3,0.297,2.76,667.2,1
23.8,83.7,399.9,0.439,2.47,502.03,1
20,74.6,390.2,0.52,2.15,451.24,1
25.4,75.4,385,0.496,2.73,551.23,0
31.8,75.6,407.3,0.323,3.05,703.31,0
12.8,80.6,406.9,0.623,1.92,299.22,1
18.9,83.1,415.8,0.479,0.94,429.44,1
8.1,87.9,392.1,0.637,0.6,180.11,3
21,76.5,406.9,0.465,2.32,492.75,1
21.8,74.2,397.2,0.491,2.41,484.89,1
19.8,76.5,411.9,0.547,2.66,423.59,1
16.7,96.9,410.2,0.471,2.27,384.33,1
9.8,94.5,402.1,0.568,0.83,169.61,3
21.9,83.6,396.6,0.491,2.84,455.3,1
27.3,75.2,409.6,0.547,2.37,582.64,0
17,74.9,406.5,0.486,2.17,441.22,1
22.2,79.8,393.2,0.58,3.13,520.59,1
12.2,93.2,386.7,0.679,1.82,286.65,1
22.3,73.4,397.1,0.472,2.28,492.21,1
18,86.8,415.2,0.505,1.64,435.6,1
16.2,87.3,411.5,0.504,0.85,356.46,1
16.2,93.1,388.9,0.535,1.78,357.38,1
18,79.9,388.3,0.449,1.25,404.47,1
21.9,72.6,412.7,0.477,1.79,492.05,1
13.4,84.8,388.6,0.64,0.75,294.24,1
18,89.2,405.1,0.489,1.57,377.77,1
19.8,71.1,393.8,0.49,1.97,465.89,1
14.5,75.2,416.2,0.47,1.59,347.13,1
29,71.5,392.3,0.429,2.6,636.11,0
15.7,82.1,411.4,0.556,2.11,380.73,1
16.7,83.4,401.8,0.537,1.56,306.95,1
15.1,89.6,402.5,0.538,1.12,333.13,1
29,68.2,380.3,0.395,3.01,657.71,1
22.8,67.9,378,0.497,3.26,542.49,1
15.3,94.9,397.8,0.545,1.7,315.23,1
25.5,69.5,402.5,0.46,2.37,575.82,1
21,73.7,388.7,0.501,1.34,492.39,1
21.3,84.2,389.1,0.543,2.02,487.08,1
18.3,79.8,405.6,0.551,1.95,399.94,1
16.3,83.4,405.6,0.547,1.43,363.54,1
21.7,80.7,398.6,0.559,1.34,505.9,1
17.3,88.1,407.8,0.548,1.3,326.72,1
29.1,69.2,388.3,0.474,3.64,629.38,1
13.7,93.9,396.4,0.594,2.08,314.5,1
27.7,61.6,416.5,0.331,2.32,652.19,1
19.4,84.4,400.7,0.571,2.28,430.61,1
21.5,74.3,401.3,0.492,1.56,472.32,1
24.2,82.7,423.1,0.456,3.12,500.29,1
16.8,83.9,386,0.546,1.81,357.43,1
24.3,72.3,408,0.44,2.91,572.76,1
6.5,96.9,416.6,0.647,0.21,122.97,3
16.4,88.1,396.8,0.506,1.98,353.9,1
15.4,87.8,408.6,0.61,1.53,316.86,1
13.7,81.1,390.2,0.557,1.8,329.27,1
18.9,78.7,393.1,0.492,2.35,410.42,1
21.9,78.1,403.8,0.434,2.23,480.52,1
23.5,76.3,408,0.478,2.05,484.04,1
21.2,82.5,411.2,0.497,2.51,426.73,1
16.7,73.3,415.7,0.553,1.64,387.08,1
21.8,79.8,399.3,0.43,1.75,450.75,1
20.6,77.9,411.9,0.414,1.6,498.67,1
24.7,71.1,396.6,0.484,1.73,510.12,1
23.9,72.4,409,0.535,2.13,516.88,1
20.2,78.8,402.1,0.447,2.57,445.83,1
15.5,66.5,404.5,0.624,1.64,370.01,1
16.7,79.8,404.2,0.547,1.41,353.11,1
17.3,78.4,384,0.527,2.13,369.12,1
18.4,84.2,388.8,0.496,1.43,380.18,1
21.3,74.6,401,0.417,2.18,471.81,1
23.6,75.3,383.1,0.514,2.27,559.86,1
19.7,88,408.3,0.464,2.36,420.51,1
20.1,84.9,408.7,0.46,1.22,455.49,1
20.7,83.8,403.3,0.542,1.65,456.88,1
17.4,80.1,388.8,0.432,0.92,410.53,1
15.4,87.3,413.8,0.47,1.41,276.78,1
11.2,87.6,420.4,0.587,1.73,243.15,1
16.5,82.5,401.5,0.549,1.4,391.64,1
22.4,79.7,405.1,0.501,1.98,476.51,1
16.5,80.5,402,0.52,2.08,403.9,1
18.8,88.7,405.3,0.638,2.42,428.59,1
22.3,76.9,398.8,0.465,2.19,483.53,1
22.6,80.5,399.7,0.462,2.6,481.03,1
14.6,92.7,409.1,0.514,0.92,286.42,1
25,80.2,423.5,0.456,3.19,526.77,1
25.6,67.3,386,0.474,3.64,553.45,1
14.4,87.9,399,0.617,1.7,319.84,1
15.9,88.4,388.2,0.467,0.55,311.75,1
26,78.5,415.9,0.428,2.32,574.18,0
19.3,75.2,394.1,0.53,2.23,447.54,1
8.9,87.8,385.6,0.64,0.68,169.17,3
13,92,406.4,0.57,1.94,307.09,1
18.8,77.4,417.4,0.54,2.17,430.46,1
14.2,84.3,406.6,0.518,1.07,330.06,1
17.9,89.9,402,0.599,1.81,363.59,1
20.2,79.6,404.1,0.548,1.57,456.49,1
27.3,69.1,414.1,0.36,2.64,630.64,1
18.5,77.1,391.3,0.461,1.58,414.85,1
25.4,76.3,398.9,0.394,3.12,594.69,0
27.1,66.2,395.5,0.462,3.77,611.38,1
27.2,71.6,388.3,0.364,2,623.06,0
21.4,80.2,396.7,0.469,1.18,473.85,1
10.2,96.3,411.1,0.621,0.9,222.76,1
22.3,81,405.7,0.474,1.47,450.59,1
25.2,71.2,406.4,0.461,2.55,569.89,0
19.6,86.3,401.5,0.451,2.33,404.6,1
28.7,69.8,405.2,0.443,3.62,617.97,1
24.3,69.5,392,0.426,2.53,581.82,1
22.8,76.3,396.9,0.455,2.19,499.96,1
25.4,81.8,401.9,0.458,1.55,525.05,0
21.7,79.2,402.8,0.488,2.18,467.84,1
7.5,92.5,403.2,0.626,0.79,139.66,3
17.5,90.7,398.6,0.487,2.07,397.4,1
26,66.9,396.2,0.425,2.24,572.09,1
16,77.6,431.6,0.54,1.38,374.61,1
18.9,73,409.1,0.442,1.15,458.7,1
14.8,87.1,404.1,0.529,0.33,311.34,1
28.9,71.9,397.7,0.43,2.34,645.21,0
28.4,79.3,395.5,0.352,2.06,588.94,0
15.6,85.6,398.7,0.602,1.73,389.26,1
20.7,77.2,402.9,0.556,1.81,478.97,1
16.6,83.4,381.2,0.472,1.39,361.28,1
23.1,77.5,384.3,0.537,1.82,491.01,1
22.5,69.1,393.6,0.467,0.64,510.5,1
24.1,89.5,402.1,0.48,3.16,495.38,1
21.7,80.9,397.6,0.459,1.67,510.37,1
34.7,66.4,414.8,0.399,3.26,736.28,1
14.9,88.2,385.2,0.572,0.76,323.47,1
11.4,92.1,392.5,0.545,1.63,244.37,1
18,81.3,415.2,0.461,1.88,395.82,1
12.2,84.7,401.3,0.505,0.8,271.66,1
12.5,90.5,408.8,0.584,1.06,267.51,1
15,86.9,420.5,0.579,2.34,343.46,1
15.4,80.6,393.1,0.579,1.5,358.84,1
15.2,91.9,399,0.542,1.43,329.18,1
22.6,78.9,397.3,0.416,1.79,433.39,1
17.5,86.2,380.5,0.491,0.8,383.02,1
19.1,87.9,396.9,0.567,1.83,373.22,1
24.5,75.6,408.8,0.431,2.61,551.07,1
16.2,85.4,405.4,0.545,2.17,382.02,1
18.7,85.4,406.2,0.459,0.74,384.27,1
21.8,74.5,396.2,0.499,1.62,482.25,1
10.3,90,393.4,0.574,0.74,213.9,1
8.1,92.6,412.7,0.672,0.81,201.11,3
21.7,73.5,395,0.521,2.1,489.53,1
22.5,89.1,402.9,0.451,2.19,505.51,1
30.3,62.6,401.6,0.39,3.24,689.41,1
20.8,72.7,414.6,0.465,1.63,475.22,1
24.1,82.5,409.7,0.388,2.88,518.39,1
19,84.5,387,0.467,2.12,427.73,1
21.5,73.4,388.1,0.495,1.99,448.2,1
28.3,74.7,405.8,0.433,3.63,619.03,0
9.4,98,399.4,0.614,1.72,190.28,3
22.1,77.8,395.4,0.464,2.67,500.31,1
30.7,82.3,410.2,0.44,1.56,645.17,0
21.4,70,401.9,0.489,2.93,467.49,1
28.3,75.2,400.5,0.453,3.22,614.77,0
16.9,89,407.8,0.443,2.69,337.46,1
19.8,84.6,396.2,0.305,2.6,389.06,1
20.2,78.8,415.7,0.513,2.81,460.27,1
8.9,89.6,392.1,0.54,1.33,210.55,3
14.2,88.1,406.6,0.548,2.09,316.4,1
14.5,89.6,414.3,0.54,2.45,337.24,1
24.1,78.9,386.2,0.538,2.52,511.1,1
24.4,80.8,396.6,0.476,1.65,496.91,1
21.6,73.3,411.4,0.492,2.01,484.43,1
24.1,74.7,411.6,0.501,2.61,525.98,1
19.2,76.1,398.3,0.527,1.96,414.5,1
26,72.1,392.7,0.417,1.98,574.48,0
20,85,409.6,0.553,1.19,418.58,1
20.3,80.3,411.8,0.442,1.66,408.57,1
18.7,94.4,388.4,0.529,2.27,375.89,1
23.4,77.5,388,0.388,3.13,490.63,1
17.9,82.4,402.3,0.531,2.25,397.7,1
24.9,75.6,406.3,0.461,3.02,533.22,1
14.3,82.5,397,0.64,1.39,344.07,1
14.5,85.2,406.8,0.477,0.58,351.77,1
23.4,82.2,392.9,0.436,2.12,517.93,1
19.6,81,378.9,0.546,1.83,398.1,1
17.7,78.3,395.8,0.539,1.52,428.11,1
24.5,70.9,400.6,0.465,2.47,578.67,1
17,80.8,397.2,0.483,1.92,378.08,1
19,81.4,388.4,0.48,2.33,443.7,1
27,79,381.8,0.492,2.56,570.95,0
27.7,65.6,394.9,0.42,1.82,585.39,1
27.9,70.5,409,0.44,2.54,600.96,0
18.6,82.1,412.6,0.508,1.88,442.11,1
26.2,64.7,411.9,0.379,3.23,563.89,1
15.3,80.6,391.8,0.594,1.24,343.94,1
15.5,81.1,388.5,0.571,1.8,347.72,1
8.2,87.8,405,0.733,0.97,179.15,3
28.4,72.6,406.4,0.366,2.86,613.23,0
15.7,83.5,404,0.584,2.03,348.01,1
19.4,77.9,379.9,0.441,1.61,420.39,1
15.4,86.7,391.3,0.553,1.26,307.14,1
23.5,85.1,399.7,0.514,2.34,503.54,1
18.1,90.1,404.9,0.415,1.49,403.76,1
13.5,76.9,407.7,0.555,1.6,333.09,1
22.2,80.7,401.4,0.45,1.86,466.62,1
12.8,86.3,403.3,0.537,1.4,259.05,1
15.8,85,400.8,0.561,1.53,340.65,1
9.5,88.5,406.9,0.661,1.05,243.58,3
12.9,87.7,403.1,0.565,1.06,295.1,1
20.9,79.9,400.7,0.501,1.92,472.2,1
10.2,86.9,397.3,0.604,1.07,247.49,1
12.6,82.9,400.8,0.574,1.36,294.45,1
20,77.8,404.8,0.446,2,446.64,1
17.3,83.9,402.7,0.583,2.58,391.11,1
30,73,403.8,0.415,2.5,642.21,0
29.2,75.1,413.4,0.428,2.88,604.91,0
15.7,81.9,402.7,0.503,0.78,363.93,1
22.8,78.6,393.5,0.449,2.46,523.2,1
23.7,81.1,408.8,0.454,1.82,490.43,1
17,88.8,386.3,0.453,1.56,379.06,1
12.5,87.2,389.2,0.49,1.07,309.69,1
19.9,79,403.4,0.471,2.13,440.81,1
19.1,81.8,405.2,0.535,1.64,402.72,1
17.8,76.4,387.5,0.489,1.48,406.02,1
22.2,76.8,396.2,0.427,2.94,479.58,1
16.2,87.5,393.9,0.497,1.77,337.64,1
14.2,89,395.1,0.535,1.14,315.52,1
20.5,78.1,409.4,0.477,1.93,422.63,1
21.9,79.2,407.1,0.589,3.02,451.4,1
14.1,81.8,399.8,0.612,1.29,319.2,1
24.6,78.9,394.5,0.505,2.12,534.61,1
11.1,88.5,386.5,0.647,0.77,252.9,1
17.1,81.5,414.2,0.479,1.44,416.67,1
18.7,79.5,405.9,0.452,1.57,417.33,1
16.8,82.9,392.9,0.476,1.04,382.61,1
17.2,80.6,407.2,0.595,1.16,362.81,1
29.4,73.9,399.3,0.379,2.52,654.6,0
15.7,82.3,397.1,0.48,1.87,339.83,1
32.2,75.8,404.4,0.356,3.03,694.03,0
22.2,85.1,392.6,0.466,2.11,471.25,1
20.5,75.1,396.6,0.509,2.68,479.7,1
22.4,78,401.2,0.489,2.89,465.49,1
32.6,64.1,395,0.332,3.12,679.13,1
15,83.3,406.7,0.584,1.19,329.7,1
14.4,95.6,418.7,0.524,1.01,306.1,1
16.2,82.2,392.5,0.53,1.97,363.09,1
20.2,81.6,383.3,0.533,1.91,464.58,1
11.4,91.3,380,0.554,0.94,253.5,1
20.1,74.9,398.5,0.47,1.6,441.19,1
28.5,67.3,393.4,0.445,2.46,588.33,1
20.8,73.2,402.1,0.45,2.24,463.97,1
18.5,77,401.3,0.495,1.2,437.22,1
16.9,68.8,384,0.559,2.19,392.66,1
24.5,78.2,381.9,0.558,2.18,533.96,1
15.9,94.4,403,0.572,1.51,337.04,1
29.2,71.5,401.4,0.431,2.25,621.32,0
29.7,63.3,395.7,0.43,2.96,679.3,1
21.3,75.5,383.4,0.434,1.96,507.41,1
19.9,77.8,404.7,0.506,1.97,439.87,1
25.2,69.8,412.7,0.447,3.25,540.97,1
25.5,78.8,402.8,0.461,2.64,550.49,0
16,88.1,391.5,0.546,1.2,298.75,1
17.4,76.9,400.4,0.545,1.38,400.37,1
13.4,90.2,386.3,0.551,1.64,296.34,1
22,85.6,410.6,0.482,2.85,503.24,1
23.3,86.2,400.8,0.405,2.47,490.42,1
13.3,101.1,382.3,0.552,1.67,271.03,1
17.7,77.8,397,0.592,2.08,381.72,1
13.3,100.9,404.6,0.583,2.04,256.43,1
15.5,82.7,396.7,0.544,0.58,314.17,1
22.8,74.3,397.2,0.567,2.61,502.64,1
16.3,85.3,387.8,0.469,2.13,349.94,1
18.5,78.6,405.7,0.46,1.18,418.71,1
11.9,90.1,393.5,0.667,0.74,244.53,1
20.9,72.5,378.4,0.493,1.67,475.44,1
19.8,79,396.3,0.49,1.61,430.85,1
16.4,90.1,409.8,0.476,1.39,340.33,1
19.1,80.7,396.1,0.532,2.03,421.39,1
20.9,79.8,417.4,0.518,2.52,459.23,1
15.9,86.5,404.3,0.486,2.13,360.84,1
12.6,93.2,403.4,0.567,0.84,263.49,1
29,62.7,398.7,0.393,2.48,648.17,1
16.8,86.1,399.3,0.544,2.34,360.88,1
19.5,79.1,397.4,0.449,2.27,417.74,1
25.1,75.8,397,0.512,2.55,542.33,0
37.6,67.7,405.3,0.369,4,858.22,1
13.8,80.3,390.6,0.544,1.36,296.79,1
22.2,72.7,389.2,0.467,2.49,494.03,1
16.5,73.9,388.8,0.529,1.48,373.77,1
17.3,79.9,420.5,0.488,1.87,381.28,1
16.4,90.3,405.3,0.514,0.88,340.85,1
14.4,85,403,0.543,1.09,322.97,1
19.8,73.5,389.4,0.583,1.64,414.66,1
12.6,84.9,406.2,0.621,1.08,303.4,1
24.7,67.8,398.8,0.499,2.01,571.68,1
20.3,74.1,402.1,0.516,1.76,432.44,1
22.1,79.8,390.2,0.423,1.45,437.2,1
17.7,76.5,401.6,0.521,2.04,380.92,1
18.2,87.4,395.8,0.567,1.78,383.63,1
21.4,78.2,392.3,0.423,1.29,523.95,1
14.2,86.2,407.3,0.59,1,321.96,1
18.2,80.4,384.6,0.634,1.99,367.25,1
15.7,88.2,405.6,0.596,1.3,323.92,1
15.5,88.4,406.8,0.615,1.21,333.14,1
9.5,92.2,391.2,0.616,0.91,209.64,3
26.7,76.1,391.8,0.481,2.84,555.38,0
16.6,82.4,397.8,0.498,0.94,363.9,1
25.8,76.9,402.8,0.482,2.86,548.2,0
25.3,73,398.5,0.479,2.13,538.87,0
13.6,86.4,404.3,0.579,1.35,303.71,1
14.6,84.1,417.6,0.62,1.44,338.5,1
32.8,64.9,394.9,0.345,3.02,743.05,1
28.8,67.8,382.8,0.403,2.36,650.98,1
19.8,82.5,408.3,0.506,1.84,421.91,1
21.3,85.3,416.8,0.436,2.94,469.5,1
16.8,89,403.9,0.543,1,365.08,1
22.2,71.6,389.1,0.392,3.06,502.8,1
16.4,90,398.8,0.588,1.51,335.98,1
9.8,88.6,388.8,0.604,1,209.69,3
13.4,89.6,406.4,0.54,0.8,290.1,1
20.1,75.4,386.5,0.457,1.62,500.18,1
14.3,86.4,397,0.545,1.18,320.19,1
19.7,81.9,390,0.538,1.44,417.24,1
14.6,78,401.3,0.581,1.36,319.99,1
16.1,87,396.3,0.504,1.41,338.02,1
24.3,82.5,401.8,0.415,3.35,563.93,1
21.2,77.9,400.2,0.52,1.54,460.98,1
20,86.8,390.1,0.464,2.05,443.47,1
24.4,74.7,406.3,0.459,2.56,531.06,1
22.4,81.8,399.5,0.482,1.71,489.59,1
27.2,61.7,390.1,0.443,3.07,637.14,1
17.7,94.4,422.4,0.566,1.57,353.79,1
17.9,89.6,404.8,0.458,0.54,364.96,1
13.5,85.1,398.5,0.469,1.68,332.9,1
17.9,72.3,414.2,0.493,1.23,432.22,1
24.8,76.6,418.4,0.542,1.96,559.06,1
26.5,66.3,398.5,0.536,2.99,613.18,1
24.8,77.4,403.5,0.544,2.31,550.38,1
11,91,390.1,0.58,1.56,278.88,1
25.4,69.9,398.5,0.357,3.15,569.44,1
10.8,94.8,398,0.475,0.76,238.1,1
24.5,79.5,401.8,0.424,2.85,501.72,1
18.2,86.7,403.3,0.508,1.44,373.29,1
23.5,76.5,405.6,0.53,3.47,493.17,1
13.3,79.6,402.4,0.61,0.99,333.07,1
25.9,79,387.9,0.453,3.1,508,0
12.7,86,390.6,0.529,1.69,273.51,1
16.7,76.4,394.5,0.485,1.82,320.49,1
15,91.8,397.2,0.563,1.17,300.06,1
11.2,99.3,410.5,0.623,1.05,216.22,1
20.5,79.3,388.4,0.515,0.97,478.51,1
29,81.8,396.4,0.358,3.02,625.01,0
33.3,67.1,409.5,0.399,3.51,715.78,1
20.5,77.6,397,0.516,2.12,475.81,1
25.6,71.3,404.6,0.391,1.07,569.5,0
21.2,87,398.6,0.449,1.48,449.91,1
22.5,73.6,402.6,0.509,1.88,478.63,1
18.3,85.4,397.7,0.505,1.97,375.21,1
21,76.2,406.7,0.57,2.24,450.55,1
22.7,75,384.5,0.498,2.18,504.65,1
17.1,88,396.4,0.505,2.03,367.62,1
19.6,78.5,403,0.503,1.45,466.16,1
19.7,78.3,405.3,0.506,2.28,445.32,1
24.1,81.5,414.9,0.422,2.65,465.43,1
14.7,93.3,396.1,0.508,1.66,312.02,1
19.7,83.5,414.8,0.538,1.88,398.88,1
29.6,67.2,393.4,0.447,3.87,637.55,1
25.8,71.6,413.3,0.472,2.83,556.91,0
26.7,73.7,408.2,0.508,2.19,574.34,0
20.1,81.5,390.9,0.472,2.14,411.98,1
21.6,73.5,403.1,0.568,2.54,489.26,1
25,78.6,399.5,0.405,2.21,514.8,0
27.8,72.6,406.3,0.371,3.32,617.91,0
10.2,81.2,397.8,0.51,1.22,287.22,1
13.4,81.9,396.9,0.543,0.17,278,1
26.5,70.9,413.7,0.409,2.8,583.39,0
18.6,81,399,0.54,1.66,359.8,1
16.6,92.8,408.3,0.546,1.93,341.2,1
13.7,87.5,397.7,0.503,1.85,312.51,1
17.2,78.6,416.7,0.508,1.82,401.77,1
13,88.1,393.2,0.552,2.13,285.08,1
30.5,67.8,393.9,0.307,2.96,691.33,1
19.9,81.7,415.2,0.452,2.3,485.21,1
19.7,83.2,395.6,0.464,2.37,462.07,1
22.9,83.1,416,0.542,2.25,482.15,1
24.8,75.1,408.9,0.461,2.87,517.08,1
24.7,83.5,398.5,0.486,2.18,519.54,1
25.4,79.2,381.9,0.371,2.33,530.08,0
16.8,79.6,399.8,0.591,1.03,386.71,1
18.5,92.5,401,0.58,1.97,361.51,1
23.8,77.8,411.7,0.362,2.55,519.87,1
17.4,78.5,415.9,0.491,2.33,407.1,1
20,88.3,393.2,0.525,2.39,420.9,1
22,88.4,408,0.512,2.06,444.16,1
